{"cameraMode":{"drawMode":0,"name":"Shaded","section":"Shading Mode"},"sceneLighting":false,"audioPlay":false,"sceneViewState":{"m_AlwaysRefresh":false,"showFog":true,"showSkybox":false,"showFlares":true,"showImageEffects":true,"showParticleSystems":true,"showVisualEffectGraphs":true,"m_FxEnabled":true},"in2DMode":false,"pivot":{"x":-0.8126014471054077,"y":0.15587608516216279,"z":1.1428227424621583},"rotation":{"x":0.3606927692890167,"y":0.4571419060230255,"z":-0.20992785692214967,"w":0.7854234576225281},"size":0.7288690209388733,"orthographic":false}