{"cameraMode":{"drawMode":0,"name":"Shaded","section":"Shading Mode"},"sceneLighting":false,"audioPlay":false,"sceneViewState":{"m_AlwaysRefresh":false,"showFog":true,"showSkybox":false,"showFlares":true,"showImageEffects":true,"showParticleSystems":true,"showVisualEffectGraphs":true,"m_FxEnabled":true},"in2DMode":false,"pivot":{"x":1.0687601566314698,"y":1.4934849739074708,"z":-9.967011451721192},"rotation":{"x":0.3044055104255676,"y":0.004022854845970869,"z":-0.0012765288120135666,"w":0.952559232711792},"size":0.3619580864906311,"orthographic":false}