{"cameraMode":{"drawMode":0,"name":"Shaded","section":"Shading Mode"},"sceneLighting":false,"audioPlay":false,"sceneViewState":{"m_AlwaysRefresh":false,"showFog":true,"showSkybox":false,"showFlares":true,"showImageEffects":true,"showParticleSystems":true,"showVisualEffectGraphs":true,"m_FxEnabled":true},"in2DMode":false,"pivot":{"x":0.5373656153678894,"y":1.244454264640808,"z":-10.292840003967286},"rotation":{"x":0.22779640555381776,"y":0.002649996429681778,"z":-0.0006153082940727472,"w":0.9737300276756287},"size":0.3619580864906311,"orthographic":false}