{"cameraMode":{"drawMode":0,"name":"Shaded","section":"Shading Mode"},"sceneLighting":false,"audioPlay":false,"sceneViewState":{"m_AlwaysRefresh":false,"showFog":true,"showSkybox":false,"showFlares":true,"showImageEffects":true,"showParticleSystems":true,"showVisualEffectGraphs":true,"m_FxEnabled":true},"in2DMode":false,"pivot":{"x":-4.5052947998046879,"y":12.668374061584473,"z":-9.983412742614746},"rotation":{"x":0.6471021175384522,"y":-0.008220202289521695,"z":0.0069733876734972,"w":0.7623534798622131},"size":0.3619580864906311,"orthographic":false}