{"cameraMode":{"drawMode":0,"name":"Shaded","section":"Shading Mode"},"sceneLighting":false,"audioPlay":false,"sceneViewState":{"m_AlwaysRefresh":false,"showFog":true,"showSkybox":false,"showFlares":true,"showImageEffects":true,"showParticleSystems":true,"showVisualEffectGraphs":true,"m_FxEnabled":true},"in2DMode":false,"pivot":{"x":-0.10832078754901886,"y":0.3463556170463562,"z":0.010182294063270092},"rotation":{"x":-0.13034355640411378,"y":-0.742286741733551,"z":0.15123708546161652,"w":-0.639677107334137},"size":0.678965151309967,"orthographic":false}