{"cameraMode":{"drawMode":0,"name":"Shaded","section":"Shading Mode"},"sceneLighting":false,"audioPlay":false,"sceneViewState":{"m_AlwaysRefresh":false,"showFog":true,"showSkybox":false,"showFlares":true,"showImageEffects":true,"showParticleSystems":true,"showVisualEffectGraphs":true,"m_FxEnabled":true},"in2DMode":false,"pivot":{"x":-0.42717790603637698,"y":-0.11212135851383209,"z":-1.159929633140564},"rotation":{"x":0.0005272963317111135,"y":0.9909307360649109,"z":-0.13459590077400208,"w":0.0038446360267698766},"size":1.4493533372879029,"orthographic":false}