{"cameraMode":{"drawMode":0,"name":"Shaded","section":"Shading Mode"},"sceneLighting":false,"audioPlay":false,"sceneViewState":{"m_AlwaysRefresh":false,"showFog":true,"showSkybox":false,"showFlares":true,"showImageEffects":true,"showParticleSystems":true,"showVisualEffectGraphs":true,"m_FxEnabled":true},"in2DMode":false,"pivot":{"x":-0.4304993152618408,"y":-0.7976051568984985,"z":-0.9788928031921387},"rotation":{"x":-0.019404608756303788,"y":0.9480657577514648,"z":-0.3120780289173126,"w":-0.058971431106328967},"size":1.4493533372879029,"orthographic":false}