{"cameraMode":{"drawMode":0,"name":"Shaded","section":"Shading Mode"},"sceneLighting":false,"audioPlay":false,"sceneViewState":{"m_AlwaysRefresh":false,"showFog":true,"showSkybox":false,"showFlares":true,"showImageEffects":true,"showParticleSystems":true,"showVisualEffectGraphs":true,"m_FxEnabled":true},"in2DMode":false,"pivot":{"x":-0.3084128499031067,"y":-2.069932222366333,"z":-0.19663988053798676},"rotation":{"x":0.0035991226322948934,"y":0.7438555955886841,"z":-0.6683757305145264,"w":0.003999709617346525},"size":1.4493533372879029,"orthographic":false}