{"cameraMode":{"drawMode":0,"name":"Shaded","section":"Shading Mode"},"sceneLighting":true,"audioPlay":false,"sceneViewState":{"m_AlwaysRefresh":false,"showFog":true,"showSkybox":true,"showFlares":true,"showImageEffects":true,"showParticleSystems":true,"showVisualEffectGraphs":true,"m_FxEnabled":true},"in2DMode":false,"pivot":{"x":0.39007145166397097,"y":1.4736484289169312,"z":3.752948522567749},"rotation":{"x":-0.1613808572292328,"y":0.8306446075439453,"z":-0.3084016740322113,"w":-0.43468600511550906},"size":3.3356525897979738,"orthographic":false}