{"cameraMode":{"drawMode":0,"name":"Shaded","section":"Shading Mode"},"sceneLighting":true,"audioPlay":false,"sceneViewState":{"m_AlwaysRefresh":false,"showFog":true,"showSkybox":true,"showFlares":true,"showImageEffects":true,"showParticleSystems":true,"showVisualEffectGraphs":true,"m_FxEnabled":true},"in2DMode":false,"pivot":{"x":1.823263168334961,"y":2.8489089012145998,"z":-12.589305877685547},"rotation":{"x":-0.1782473772764206,"y":-0.20583702623844148,"z":0.03815969452261925,"w":-0.9614660143852234},"size":1.1112221479415894,"orthographic":false}