{"cameraMode":{"drawMode":0,"name":"Shaded","section":"Shading Mode"},"sceneLighting":true,"audioPlay":false,"sceneViewState":{"m_AlwaysRefresh":false,"showFog":true,"showSkybox":true,"showFlares":true,"showImageEffects":true,"showParticleSystems":true,"showVisualEffectGraphs":true,"m_FxEnabled":true},"in2DMode":false,"pivot":{"x":0.05872533097863197,"y":9.811095237731934,"z":-13.877955436706543},"rotation":{"x":-0.4390225112438202,"y":-0.0027032135985791685,"z":0.00132084172219038,"w":-0.8984944224357605},"size":2.2445755004882814,"orthographic":false}