{"cameraMode":{"drawMode":0,"name":"Shaded","section":"Shading Mode"},"sceneLighting":false,"audioPlay":false,"sceneViewState":{"m_AlwaysRefresh":false,"showFog":true,"showSkybox":false,"showFlares":true,"showImageEffects":true,"showParticleSystems":true,"showVisualEffectGraphs":true,"m_FxEnabled":true},"in2DMode":false,"pivot":{"x":0.6402682065963745,"y":0.5885706543922424,"z":0.45965617895126345},"rotation":{"x":-0.0074859620071947578,"y":0.8235755562782288,"z":-0.5670722723007202,"w":-0.010876687243580819},"size":0.8549963235855103,"orthographic":false}