{"cameraMode":{"drawMode":0,"name":"Shaded","section":"Shading Mode"},"sceneLighting":false,"audioPlay":false,"sceneViewState":{"m_AlwaysRefresh":false,"showFog":true,"showSkybox":false,"showFlares":true,"showImageEffects":true,"showParticleSystems":true,"showVisualEffectGraphs":true,"m_FxEnabled":true},"in2DMode":false,"pivot":{"x":1.138999342918396,"y":2.5425963401794435,"z":-0.9764355421066284},"rotation":{"x":0.363399863243103,"y":0.019562089815735818,"z":-0.007632658816874027,"w":0.9313982129096985},"size":0.08660253882408142,"orthographic":false}