{"cameraMode":{"drawMode":0,"name":"Shaded","section":"Shading Mode"},"sceneLighting":false,"audioPlay":false,"sceneViewState":{"m_AlwaysRefresh":false,"showFog":true,"showSkybox":false,"showFlares":true,"showImageEffects":true,"showParticleSystems":true,"showVisualEffectGraphs":true,"m_FxEnabled":true},"in2DMode":false,"pivot":{"x":0.6908310055732727,"y":0.9355303049087524,"z":-1.3869471549987794},"rotation":{"x":0.19668692350387574,"y":-0.014706454239785672,"z":0.002950448775663972,"w":0.9803528189659119},"size":0.08660253882408142,"orthographic":false}